id,created_at,name,email,message
5,2023-05-21 03:22:54.441964+00,1,1@1.com,1
6,2023-05-21 03:22:56.116501+00,1,1@1.com,1
7,2023-05-21 03:23:39.118565+00,a,a@a.com,good
8,2023-05-21 03:23:40.542276+00,a,a@a.com,good
9,2023-05-21 03:24:12.565207+00,a,a@a.com,a
10,2023-05-21 03:59:09.664752+00,a,a@a.com,a
11,2023-05-21 03:59:43.911736+00,1,1@1.com,q
12,2023-05-21 19:36:18.921202+00,hi,a@a.com,HI
13,2023-05-22 12:41:44.463029+00,Mahdi,a@a.com,Thanks
14,2023-05-22 13:11:10.336176+00,Mahdi,a@a.com,hiiiiii
15,2023-05-22 16:25:31.291525+00,asdf,yujin.hong@mail.polimi.it,asdf
16,2023-06-01 00:14:30.086535+00,All,m@M.com,m
17,2023-06-01 00:15:57.845226+00,m,m@M.com,m
18,2023-06-06 20:50:35.35+00,a,a@a.com,a
19,2023-06-08 23:03:10.025107+00,yuyjiyn,ghddb113@gmail.com,asdfasdfasdf
20,2023-06-09 00:00:22.402537+00,asdf,yujin.hong@mail.polimi.it,asdf
21,2023-06-09 00:32:35.915318+00,asdf,yujin.hong@mail.polimi.it,asdf
22,2023-06-09 12:19:33.501068+00,a,a@a.com,a
23,2023-06-09 12:20:32.684616+00,a,a@a.com,a
24,2023-06-09 12:24:08.925961+00,a,a@a.com,a
25,2023-06-09 12:27:42.208243+00,a,a@a.com,a
26,2023-06-11 19:52:22.850559+00,홍유진,yujin.hong@mail.polimi.it,asdfasdf
27,2023-06-12 22:14:14.659107+00,a,a@a.com,a
28,2023-06-16 22:52:19.743513+00,yyjyjyjy,sajdkfla@smasdgu.com,asdjbailsdjflksadnfklasdf
29,2023-06-16 22:54:29.261291+00,Yujin,yujin.hong@mail.polimi.it,Hello
30,2023-06-16 22:54:32.703387+00,Yujin,yujin.hong@mail.polimi.it,Hello
31,2023-06-16 22:54:36.925627+00,Yujin,yujin.hong@mail.polimi.it,Helloasdf
32,2023-06-16 22:54:50.225494+00,Yujin,yujin.hong@mail.polimi.it,Hello
33,2023-06-16 22:54:55.954796+00,Yujin,yujin.hong@mail.polimi.it,Hello
34,2023-06-16 22:56:00.375099+00,asdf,asdf@gmgia.com,ash
35,2023-06-16 22:56:15.169566+00,yujin,yujin.hong@mail.polimi.it,Hello
36,2023-06-23 00:36:37.208194+00,a,a@a.com,a
37,2023-07-06 09:41:06.314252+00,a,a@a,a
